{
  "project_info": {
    "project_number": "978071932271",
    "firebase_url": "https://command-77c54.firebaseio.com",
    "project_id": "command-77c54",
    "storage_bucket": "command-77c54.appspot.com"
  },
  "client": [
    {
      "client_info": {
        "mobilesdk_app_id": "1:978071932271:android:833bb73e54ed8312",
        "android_client_info": {
          "package_name": "com.cdn.techquiq.consumer"
        }
      },
      "oauth_client": [
        {
          "client_id": "978071932271-k4hb1ktnothdkkdhkao5pk7dnd88buqk.apps.googleusercontent.com",
          "client_type": 3
        }
      ],
      "api_key": [
        {
          "current_key": "AIzaSyD08b93guWgtlq8c7CASdmt-t5qidUlmlQ"
        }
      ],
      "services": {
        "analytics_service": {
          "status": 1
        },
        "appinvite_service": {
          "status": 1,
          "other_platform_oauth_client": []
        },
        "ads_service": {
          "status": 2
        }
      }
    }
  ],
  "configuration_version": "1"
}